Date,Open,High,Low,Close,Volume,Dividends,Stock Splits
2024-02-19 00:00:00+05:30,3866.640258482223,3871.5637647018066,3802.8224229354896,3848.58740234375,772291,0.0,0.0
2024-02-20 00:00:00+05:30,3828.2371155114192,3843.1482139238024,3760.6208730684352,3779.986572265625,1193648,0.0,0.0
2024-02-21 00:00:00+05:30,3763.4346602864093,3810.6535246443304,3733.0496825963114,3743.271728515625,1885939,0.0,0.0
2024-02-22 00:00:00+05:30,3724.0461165985157,3840.2877016688244,3724.0461165985157,3832.926025390625,2982052,0.0,0.0
2024-02-23 00:00:00+05:30,3873.1581442686033,3873.1581442686033,3794.7570791114713,3800.102783203125,2538072,0.0,0.0
2024-02-26 00:00:00+05:30,3785.0037308931537,3798.133079811019,3735.065314473416,3752.227294921875,1379284,0.0,0.0
2024-02-27 00:00:00+05:30,3750.305466004411,3867.531818405149,3750.305466004411,3849.150634765625,2960475,0.0,0.0
2024-02-28 00:00:00+05:30,3840.8976823678586,3896.509674983892,3834.7080400231876,3862.795654296875,1939225,0.0,0.0
2024-02-29 00:00:00+05:30,3844.08608110517,3880.7545712662445,3811.778548098447,3840.4287109375,3772719,0.0,0.0
2024-03-01 00:00:00+05:30,3851.776300908435,3882.5363087877504,3832.6448252006635,3839.725341796875,2043265,0.0,0.0
2024-03-04 00:00:00+05:30,3849.7131636292625,3861.810830830789,3822.422778973925,3826.92431640625,1749271,0.0,0.0
2024-03-05 00:00:00+05:30,3809.387240696813,3811.2628621841086,3732.4867597177044,3762.590576171875,2070859,0.0,0.0
2024-03-06 00:00:00+05:30,3745.662985779128,3818.7652862706927,3712.276832263034,3811.544189453125,1744204,0.0,0.0
2024-03-07 00:00:00+05:30,3812.2007150112554,3867.5315494972733,3786.598435635506,3853.08935546875,2688905,0.0,0.0
2024-03-11 00:00:00+05:30,3834.707809455719,3894.7276920199565,3834.707809455719,3865.98388671875,2304068,0.0,0.0
2024-03-12 00:00:00+05:30,3865.984229655007,3966.8927577504023,3864.764800933032,3931.537109375,4039801,0.0,0.0
2024-03-13 00:00:00+05:30,3943.493961270788,3977.255146194866,3874.9399080779876,3890.9765625,2837260,0.0,0.0
2024-03-14 00:00:00+05:30,3895.1497744818453,3962.2499424114544,3831.8942638327107,3945.93212890625,2919608,0.0,0.0
2024-03-15 00:00:00+05:30,3931.8653458631275,3975.3796720157243,3917.2354069378816,3956.85791015625,3373143,0.0,0.0
2024-03-18 00:00:00+05:30,3953.1061605013683,3990.1496794717273,3861.7634989777794,3894.258544921875,1526904,0.0,0.0
2024-03-19 00:00:00+05:30,3799.3056461900082,3805.6358684946754,3719.9200610190014,3729.95458984375,8931209,0.0,0.0
2024-03-20 00:00:00+05:30,3738.11367070717,3768.1236148774233,3713.9181074283624,3723.95263671875,1817913,0.0,0.0
2024-03-21 00:00:00+05:30,3741.9116546616547,3759.120343748554,3702.476668668117,3725.875,3829582,0.0,0.0
2024-03-22 00:00:00+05:30,3654.6486037932596,3693.098845711536,3615.2605510964886,3667.68408203125,5852485,0.0,0.0
2024-03-26 00:00:00+05:30,3634.0160692068625,3701.257043328138,3630.686795790637,3636.360595703125,3440925,0.0,0.0
2024-03-27 00:00:00+05:30,3646.677238477006,3652.7730085811854,3591.2525294851544,3602.037353515625,1968575,0.0,0.0
2024-03-28 00:00:00+05:30,3610.6650016041267,3671.5288233376846,3601.661927465741,3635.235595703125,4311783,0.0,0.0
2024-04-01 00:00:00+05:30,3655.3048258696854,3688.690979343402,3646.2550439346555,3673.170166015625,1569676,0.0,0.0
2024-04-02 00:00:00+05:30,3648.083423198765,3666.6990561572848,3632.140642171932,3642.26904296875,2142666,0.0,0.0
2024-04-03 00:00:00+05:30,3611.5088559037185,3733.4242418469757,3611.5088559037185,3701.820068359375,3973090,0.0,0.0
2024-04-04 00:00:00+05:30,3728.6412532863997,3778.1107648289094,3690.519342135764,3754.33740234375,3394637,0.0,0.0
2024-04-05 00:00:00+05:30,3730.610939757806,3753.1183964079287,3714.199252617092,3731.783203125,1636819,0.0,0.0
2024-04-08 00:00:00+05:30,3735.3000761758317,3781.8622865716975,3713.7304297404708,3725.5,2302538,0.0,0.0
2024-04-09 00:00:00+05:30,3736.237662579727,3766.1070236289547,3680.953770065772,3701.11669921875,1876992,0.0,0.0
2024-04-10 00:00:00+05:30,3710.3542591400274,3742.052307422326,3674.3424188992844,3736.847412109375,2101965,0.0,0.0
2024-04-12 00:00:00+05:30,3724.0463102085732,3763.76268515537,3700.1321372268762,3752.5556640625,4354821,0.0,0.0
2024-04-15 00:00:00+05:30,3752.5557696224905,3811.4503293550783,3675.32719325435,3696.099609375,4200329,0.0,0.0
2024-04-16 00:00:00+05:30,3659.33739612377,3684.37689632826,3622.622198353119,3631.953369140625,3051420,0.0,0.0
2024-04-18 00:00:00+05:30,3635.7048405060677,3691.2231923226304,3610.571466067614,3621.8251953125,3476284,0.0,0.0
2024-04-19 00:00:00+05:30,3599.317187756726,3612.962378176155,3564.5243218990936,3588.2509765625,2957749,0.0,0.0
2024-04-22 00:00:00+05:30,3598.379760081903,3636.8299998951316,3574.934491903105,3624.263427734375,1728883,0.0,0.0
2024-04-23 00:00:00+05:30,3635.9388098818245,3652.7724651814333,3620.5118705508353,3633.73486328125,1807586,0.0,0.0
2024-04-24 00:00:00+05:30,3648.0837008405756,3655.586186600659,3586.6101623523527,3592.7998046875,1317312,0.0,0.0
2024-04-25 00:00:00+05:30,3574.1837976912666,3632.7500252586483,3573.996281358353,3612.634033203125,2856271,0.0,0.0
2024-04-26 00:00:00+05:30,3615.400944510773,3635.7046841917695,3566.07223748283,3583.703125,2039178,0.0,0.0
2024-04-29 00:00:00+05:30,3599.3174341023114,3636.6423454168485,3581.6865473099597,3629.514892578125,1110693,0.0,0.0
2024-04-30 00:00:00+05:30,3631.2033055362826,3640.346960554097,3573.059037730691,3583.046630859375,2203078,0.0,0.0
2024-05-02 00:00:00+05:30,3543.095825813969,3630.3591588386275,3543.095825813969,3623.044189453125,2491044,0.0,0.0
2024-05-03 00:00:00+05:30,3648.224242496259,3651.459872612422,3561.430044438285,3604.381591796875,2962234,0.0,0.0
2024-05-06 00:00:00+05:30,3613.384573734727,3694.927167103904,3613.384573734727,3677.20263671875,2053831,0.0,0.0
2024-05-07 00:00:00+05:30,3686.3462169354693,3739.988941315255,3670.12204659911,3731.501708984375,2062112,0.0,0.0
2024-05-08 00:00:00+05:30,3714.6679426556366,3736.518976345146,3693.6610759161904,3729.6259765625,1247685,0.0,0.0
2024-05-09 00:00:00+05:30,3715.6055853348926,3724.04588070794,3666.886370612002,3713.91748046875,1726486,0.0,0.0
2024-05-10 00:00:00+05:30,3716.1687445881325,3726.484662213695,3643.441479536376,3651.740966796875,1672489,0.0,0.0
2024-05-13 00:00:00+05:30,3642.925600436705,3709.041253630369,3629.327345524533,3702.2890625,931326,0.0,0.0
2024-05-14 00:00:00+05:30,3691.2230172569975,3700.413608162642,3650.803283386374,3658.587158203125,1058317,0.0,0.0
2024-05-15 00:00:00+05:30,3661.6818959693137,3682.7357004952323,3634.485385536964,3639.08056640625,1115021,0.0,0.0
2024-05-16 00:00:00+05:30,3675.637702384871,3693.0187445265583,3630.67337116967,3684.942138671875,2599399,28.0,0.0
2024-05-17 00:00:00+05:30,3701.992673680125,3702.937300542508,3617.9208829280115,3621.7939453125,2765804,0.0,0.0
2024-05-21 00:00:00+05:30,3618.487832180219,3631.8542103330115,3599.0757035999536,3608.66357421875,1908117,0.0,0.0
2024-05-22 00:00:00+05:30,3622.644427783305,3628.548346342274,3606.1607332910276,3619.810546875,1311168,0.0,0.0
2024-05-23 00:00:00+05:30,3628.264270607641,3688.767663426612,3613.6698326347005,3677.857177734375,2095742,0.0,0.0
2024-05-24 00:00:00+05:30,3663.4995783587715,3668.742304212367,3631.429538571892,3636.341552734375,1309452,0.0,0.0
2024-05-27 00:00:00+05:30,3641.536837624862,3691.9327769001197,3628.642772199506,3634.027099609375,1841538,0.0,0.0
2024-05-28 00:00:00+05:30,3644.370544047232,3655.706066734782,3617.9209911096164,3627.272705078125,1801993,0.0,0.0
2024-05-29 00:00:00+05:30,3635.7739025907463,3635.7739025907463,3589.5817455350693,3593.029541015625,1568095,0.0,0.0
2024-05-30 00:00:00+05:30,3567.8558516313005,3584.2922676744465,3509.714018991741,3529.220703125,2919230,0.0,0.0
2024-05-31 00:00:00+05:30,3532.9042615855815,3542.161650427461,3451.4301994032935,3467.677734375,10956800,0.0,0.0
2024-06-03 00:00:00+05:30,3526.1032967744277,3543.815050940118,3491.3409811408733,3497.811767578125,2156773,0.0,0.0
2024-06-04 00:00:00+05:30,3495.1196584791387,3537.6278705417226,3392.627636061575,3509.2890625,3395997,0.0,0.0
2024-06-05 00:00:00+05:30,3510.2334721952598,3574.2792205302862,3495.1194421750433,3538.997314453125,2799670,0.0,0.0
2024-06-06 00:00:00+05:30,3571.634109972148,3627.2725390345563,3534.3213495003415,3618.298583984375,4328036,0.0,0.0
2024-06-07 00:00:00+05:30,3624.8168128885063,3698.2142761529285,3624.8168128885063,3678.329833984375,4552445,0.0,0.0
2024-06-10 00:00:00+05:30,3679.3219869872228,3689.6183285403354,3629.1622034653205,3645.031982421875,1734661,0.0,0.0
2024-06-11 00:00:00+05:30,3632.0901763711736,3665.1048380918546,3628.311669035547,3638.797119140625,1419898,0.0,0.0
2024-06-12 00:00:00+05:30,3659.862044439457,3677.9045088776033,3615.511861543188,3619.479248046875,2177001,0.0,0.0
2024-06-13 00:00:00+05:30,3643.23713885556,3674.5987063691045,3638.7028835305373,3663.40478515625,1932323,0.0,0.0
2024-06-14 00:00:00+05:30,3673.6538756786167,3673.6538756786167,3616.031636949793,3619.857421875,1860730,0.0,0.0
2024-06-18 00:00:00+05:30,3614.1900547154564,3629.2568087209993,3584.906618726297,3603.846435546875,1774045,0.0,0.0
2024-06-19 00:00:00+05:30,3615.7010098615556,3621.557881055292,3582.9225030243783,3591.18798828125,1509050,0.0,0.0
2024-06-20 00:00:00+05:30,3585.8038156912176,3598.9813152014426,3570.737062326571,3577.538330078125,2846526,0.0,0.0
2024-06-21 00:00:00+05:30,3615.08724810415,3663.0743420998706,3587.7403447033967,3599.737060546875,4642195,0.0,0.0
2024-06-24 00:00:00+05:30,3597.8473681995324,3643.425611853127,3581.3636764636767,3605.45166015625,1702154,0.0,0.0
2024-06-25 00:00:00+05:30,3605.6411180787836,3634.5938422484783,3582.8755160198134,3625.9033203125,1338808,0.0,0.0
2024-06-26 00:00:00+05:30,3631.618235835589,3652.8250643098772,3628.312041577448,3642.33984375,1639845,0.0,0.0
2024-06-27 00:00:00+05:30,3618.865541478185,3723.7191241208575,3606.679947095457,3716.3037109375,4526556,0.0,0.0
2024-06-28 00:00:00+05:30,3700.8593836882187,3740.722593484322,3682.0141228075263,3687.965087890625,2731571,0.0,0.0
2024-07-01 00:00:00+05:30,3668.930984521538,3780.1135277066987,3668.930984521538,3757.914794921875,2658723,0.0,0.0
2024-07-02 00:00:00+05:30,3772.462155624164,3800.61185331036,3762.023982045802,3794.944091796875,2307449,0.0,0.0
2024-07-03 00:00:00+05:30,3797.4002085008037,3803.162524946505,3735.9994588608656,3745.681884765625,1821198,0.0,0.0
2024-07-04 00:00:00+05:30,3778.3661175753045,3823.2358967427767,3761.598989570618,3798.297607421875,2518001,0.0,0.0
2024-07-05 00:00:00+05:30,3787.953922306711,3803.7764231043757,3767.172130214255,3789.654296875,1668616,0.0,0.0
2024-07-08 00:00:00+05:30,3799.2895303521054,3808.0273294957547,3757.7732227074534,3772.084228515625,1758882,0.0,0.0
2024-07-09 00:00:00+05:30,3764.3382334203675,3785.0727479543702,3754.9865192673674,3764.810546875,1305801,0.0,0.0
2024-07-10 00:00:00+05:30,3763.1102154389605,3781.624995321451,3685.9342421919528,3692.688232421875,2669716,0.0,0.0
2024-07-11 00:00:00+05:30,3713.3284398600626,3759.615159156207,3679.8887389846327,3706.4326171875,4872189,0.0,0.0
2024-07-12 00:00:00+05:30,3759.614896256505,3967.3857582493197,3751.396688713167,3952.271728515625,13509164,0.0,0.0
2024-07-15 00:00:00+05:30,4001.156311371623,4005.2180225102193,3926.8610373129627,3938.338623046875,4848030,0.0,0.0
2024-07-16 00:00:00+05:30,3940.9836318368075,3962.2847850425974,3915.3841492662273,3947.07666015625,2029521,0.0,0.0
2024-07-18 00:00:00+05:30,3929.6481767988807,4085.5116261190287,3929.6481767988807,4076.584716796875,5613364,0.0,0.0
2024-07-19 00:00:00+05:30,4087.804853926967,4126.955994366335,4057.364651530447,4073.6025390625,3903354,10.0,0.0
2024-07-22 00:00:00+05:30,4071.282329598796,4090.2187458114163,4038.1907573413023,4059.352294921875,1896386,0.0,0.0
2024-07-23 00:00:00+05:30,4055.233368947045,4129.748348674782,4039.4212771190782,4073.554443359375,2365208,0.0,0.0
2024-07-24 00:00:00+05:30,4059.4941803111396,4108.3502260578525,4041.1259492527006,4077.2470703125,1809793,0.0,0.0
2024-07-25 00:00:00+05:30,4066.5957262823526,4112.043129044065,4046.902036678233,4092.63330078125,2810342,0.0,0.0
2024-07-26 00:00:00+05:30,4118.670552129421,4187.2679052166895,4106.4090376287495,4154.5078125,3552210,0.0,0.0
2024-07-29 00:00:00+05:30,4180.214323934273,4195.363458517048,4138.5542038316435,4148.1171875,1746803,0.0,0.0
2024-07-30 00:00:00+05:30,4157.584736158652,4164.117706946695,4097.177294216961,4133.2041015625,1797906,0.0,0.0
2024-07-31 00:00:00+05:30,4118.670417762799,4179.266948047126,4113.936313834336,4152.140625,2330091,0.0,0.0
2024-08-01 00:00:00+05:30,4165.443616342355,4184.285259071731,4132.920227203137,4163.26611328125,2202244,0.0,0.0
2024-08-02 00:00:00+05:30,4132.873162297419,4164.118251496919,4042.9251782382544,4055.281005859375,2811282,0.0,0.0
2024-08-05 00:00:00+05:30,4013.5736879846177,4013.5736879846177,3891.907205581687,3934.087890625,2787771,0.0,0.0
2024-08-06 00:00:00+05:30,3949.1424451879575,4031.799717033467,3939.531844107783,3949.379150390625,2203067,0.0,0.0
2024-08-07 00:00:00+05:30,4003.1587050867174,4019.207504026678,3957.995163908957,3977.073974609375,1237666,0.0,0.0
2024-08-08 00:00:00+05:30,3958.658292455504,4006.9461596918663,3938.775053005237,3950.657470703125,2441283,0.0,0.0
2024-08-09 00:00:00+05:30,3992.7435074037467,4027.4443989451242,3981.902223791584,4003.86865234375,1302536,0.0,0.0
2024-08-12 00:00:00+05:30,4005.0521972685856,4013.573584922349,3963.723559610809,3972.52880859375,936912,0.0,0.0
2024-08-13 00:00:00+05:30,3988.956054631374,4008.839291552157,3960.5514304588273,3973.759765625,1495593,0.0,0.0
2024-08-14 00:00:00+05:30,3985.168737449799,4077.1999039105713,3965.42743135513,4066.83203125,3226545,0.0,0.0
2024-08-16 00:00:00+05:30,4118.670194945417,4191.575391499624,4095.0944511200714,4181.20751953125,3457058,0.0,0.0
2024-08-19 00:00:00+05:30,4185.894947757169,4255.249574521071,4156.87498137627,4251.2255859375,2055210,0.0,0.0
2024-08-20 00:00:00+05:30,4265.427758595415,4322.237007322546,4260.693654534821,4282.75439453125,2212298,0.0,0.0
2024-08-21 00:00:00+05:30,4277.736579801988,4317.503055311436,4253.639804359008,4309.455078125,1896990,0.0,0.0
2024-08-22 00:00:00+05:30,4317.5030108146375,4318.402675534502,4258.042847258311,4262.58740234375,1829872,0.0,0.0
2024-08-23 00:00:00+05:30,4260.693506184104,4266.374430859017,4218.086571122263,4226.51318359375,1809253,0.0,0.0
2024-08-26 00:00:00+05:30,4250.278746663329,4310.0703901887255,4246.491463306979,4263.013671875,1844164,0.0,0.0
2024-08-27 00:00:00+05:30,4265.428242149461,4270.162346746741,4248.1959164894,4257.99560546875,930697,0.0,0.0
2024-08-28 00:00:00+05:30,4259.510267771518,4319.8700965173775,4220.2643589002255,4266.421875,1848058,0.0,0.0
2024-08-29 00:00:00+05:30,4222.821557534789,4313.716371329259,4222.821557534789,4271.86669921875,2133641,0.0,0.0
2024-08-30 00:00:00+05:30,4260.694311007412,4348.038544383064,4249.1429103938235,4311.5859375,3637222,0.0,0.0
2024-09-02 00:00:00+05:30,4332.652505910395,4344.014356887433,4272.055967366194,4280.62451171875,1216500,0.0,0.0
2024-09-03 00:00:00+05:30,4280.62427113772,4313.6210706253505,4256.811818932973,4272.38720703125,1717263,0.0,0.0
2024-09-04 00:00:00+05:30,4238.869372185236,4248.384735865379,4200.759836723105,4241.046875,1265505,0.0,0.0
2024-09-05 00:00:00+05:30,4242.704600629275,4259.747377422697,4217.282366116104,4237.92333984375,1688793,0.0,0.0
2024-09-06 00:00:00+05:30,4236.029645395859,4278.6365868505345,4203.8848901946485,4219.744140625,1649179,0.0,0.0
2024-09-09 00:00:00+05:30,4218.0871166522065,4251.462553433798,4194.890004562873,4212.9267578125,1184938,0.0,0.0
2024-09-10 00:00:00+05:30,4206.203511268395,4298.518523101594,4204.309870000023,4268.12548828125,1385591,0.0,0.0
2024-09-11 00:00:00+05:30,4281.00383317773,4307.420045613886,4233.473235852587,4241.142578125,1325919,0.0,0.0
2024-09-12 00:00:00+05:30,4270.398149152909,4291.559684691878,4195.646468439476,4277.4521484375,2742216,0.0,0.0
2024-09-13 00:00:00+05:30,4289.098178257309,4305.194131685647,4265.427658509752,4282.091796875,1458786,0.0,0.0
2024-09-16 00:00:00+05:30,4286.258044672285,4304.2947971775275,4255.43921052289,4273.2392578125,1155120,0.0,0.0
2024-09-17 00:00:00+05:30,4273.238899164255,4294.589522896417,4228.501617164474,4266.04296875,1699364,0.0,0.0
2024-09-18 00:00:00+05:30,4257.900566019319,4257.900566019319,4091.2129384450927,4115.025390625,2961779,0.0,0.0
2024-09-19 00:00:00+05:30,4156.590462569691,4187.031121100962,4054.0971111064046,4067.68408203125,2927551,0.0,0.0
2024-09-20 00:00:00+05:30,4087.330983142617,4100.397388735434,4002.685288545634,4057.03271484375,5447908,0.0,0.0
2024-09-23 00:00:00+05:30,4071.32949426943,4080.229517445096,4026.828916076253,4041.504638671875,1702319,0.0,0.0
2024-09-24 00:00:00+05:30,4025.550824249018,4062.8083176204914,4014.5204536730093,4044.15576171875,3012026,0.0,0.0
2024-09-25 00:00:00+05:30,4026.21366904617,4061.4827451400292,4014.5203392742264,4047.42236328125,2713073,0.0,0.0
2024-09-26 00:00:00+05:30,4033.457080163439,4087.236322972992,4033.457080163439,4064.228759765625,3964251,0.0,0.0
2024-09-27 00:00:00+05:30,4104.468341840603,4145.181637964974,4071.376768553105,4079.567138671875,3012477,0.0,0.0
2024-09-30 00:00:00+05:30,4058.926049161128,4070.1459682536542,4033.5038178792897,4041.504638671875,2503416,0.0,0.0
2024-10-01 00:00:00+05:30,4029.242815191706,4067.3051938657322,4017.3132437195263,4059.87255859375,1823365,0.0,0.0
2024-10-03 00:00:00+05:30,4035.9184552064203,4051.446223942952,3986.1155884084665,4007.65576171875,3350119,0.0,0.0
2024-10-04 00:00:00+05:30,4000.3185138773038,4069.4364432295033,3999.4188490488086,4026.119384765625,2965463,0.0,0.0
2024-10-07 00:00:00+05:30,4046.61726791575,4068.7256257487174,4004.4837429065424,4045.623291015625,1472619,0.0,0.0
2024-10-08 00:00:00+05:30,4045.3869945057163,4051.825191579924,3980.3878333935318,4027.06591796875,1541867,0.0,0.0
2024-10-09 00:00:00+05:30,4033.456640048349,4066.5953683116572,4020.864108234231,4026.78173828125,1082504,0.0,0.0
2024-10-10 00:00:00+05:30,4027.065497608203,4065.5065138830532,3975.3218342504942,4002.590087890625,2378875,0.0,0.0
2024-10-11 00:00:00+05:30,3922.6788421196575,4016.3669515997326,3893.7536496314738,3928.54931640625,5759183,0.0,0.0
2024-10-14 00:00:00+05:30,3919.8382019814067,3943.8873583904956,3902.984976280472,3916.666259765625,2137590,0.0,0.0
2024-10-15 00:00:00+05:30,3911.3637780765134,3948.1954760800095,3877.2310740598678,3897.87158203125,2759474,0.0,0.0
2024-10-16 00:00:00+05:30,3867.7630170426546,3896.167641402821,3850.909560357471,3877.183837890625,2359151,0.0,0.0
2024-10-17 00:00:00+05:30,3894.0845506582914,3910.3228978529323,3875.2902957519555,3890.48681640625,2522659,0.0,0.0
2024-10-18 00:00:00+05:30,3881.944647481302,3935.238244757566,3872.4533402747466,3913.313232421875,2361000,10.0,0.0
2024-10-21 00:00:00+05:30,3922.3776803062365,3929.3538837407996,3862.9620049373275,3872.31103515625,1595450,0.0,0.0
2024-10-22 00:00:00+05:30,3859.1654759681237,3881.75483326371,3802.5499216715493,3811.234375,1928049,0.0,0.0
2024-10-23 00:00:00+05:30,3796.143361546141,3904.2965301967497,3791.919544419266,3859.40283203125,1966476,0.0,0.0
2024-10-24 00:00:00+05:30,3800.3195802607424,3871.504387583309,3800.3195802607424,3841.986328125,2676744,0.0,0.0
2024-10-25 00:00:00+05:30,3850.670942439126,3883.8430156937015,3827.5595160672574,3851.1455078125,1759676,0.0,0.0
2024-10-28 00:00:00+05:30,3861.9653632236445,3923.7063623671393,3844.928513292037,3882.75146484375,1532534,0.0,0.0
2024-10-29 00:00:00+05:30,3887.496763644427,3894.757520238166,3853.5653437958795,3867.944580078125,1445885,0.0,0.0
2024-10-30 00:00:00+05:30,3867.7076804676617,3898.079863479923,3853.518222560894,3876.86669921875,1935002,0.0,0.0
2024-10-31 00:00:00+05:30,3862.962154926698,3870.839986500922,3758.557772361112,3766.577880859375,3740372,0.0,0.0
2024-11-01 00:00:00+05:30,3786.889338989994,3795.5262896074955,3773.791288560614,3781.526611328125,154895,0.0,0.0
2024-11-04 00:00:00+05:30,3764.536863637049,3788.8344687291683,3714.1854373776496,3762.49609375,2269192,0.0,0.0
2024-11-05 00:00:00+05:30,3740.61911840681,3783.234994421101,3740.61911840681,3769.330322265625,967590,0.0,0.0
2024-11-06 00:00:00+05:30,3799.9398000465167,3938.7024316660963,3773.031851752117,3929.06884765625,3792017,0.0,0.0
2024-11-07 00:00:00+05:30,3957.5905174928102,3991.8537654616457,3877.246463642715,3939.74658203125,3724349,0.0,0.0
2024-11-08 00:00:00+05:30,3943.637967299403,3957.6376448006463,3908.187843785678,3936.044921875,1648039,0.0,0.0
2024-11-11 00:00:00+05:30,3918.2017604204366,4018.9041625726113,3908.188152909336,3985.115478515625,1406487,0.0,0.0
2024-11-12 00:00:00+05:30,4001.5350272065516,4003.4332886046573,3952.51251928902,3983.881103515625,1587640,0.0,0.0
2024-11-13 00:00:00+05:30,3965.5632315109633,3983.264427096759,3920.9063521955636,3939.224853515625,1098813,0.0,0.0
2024-11-14 00:00:00+05:30,3924.655300859059,3948.383567490613,3907.049112395529,3935.000732421875,1825432,0.0,0.0
2024-11-18 00:00:00+05:30,3998.687803877484,3998.687803877484,3787.2214288591285,3815.031005859375,3313944,0.0,0.0
2024-11-19 00:00:00+05:30,3815.4102345767187,3921.9501508023773,3809.9054621443674,3834.060791015625,1776233,0.0,0.0
2024-11-21 00:00:00+05:30,3839.1386042394874,3884.2698145282143,3819.3018656674813,3865.6669921875,2384347,0.0,0.0
2024-11-22 00:00:00+05:30,3863.9112312507355,4038.504015740722,3847.776008717878,4028.680419921875,3096553,0.0,0.0
2024-11-25 00:00:00+05:30,4062.2789294271743,4107.932203542215,4035.8932843747857,4095.593505859375,4052167,0.0,0.0
2024-11-26 00:00:00+05:30,4101.240893559863,4144.47407361588,4090.7531850402665,4131.28125,2060669,0.0,0.0
2024-11-27 00:00:00+05:30,4137.2131813248125,4154.724363536381,4104.088151292946,4112.15576171875,1558993,0.0,0.0
2024-11-28 00:00:00+05:30,4099.295770199878,4119.180245085127,4017.670524486243,4028.965087890625,2558544,0.0,0.0
2024-11-29 00:00:00+05:30,4005.3313403533516,4080.028107836073,3982.219916352583,4053.5947265625,2017425,0.0,0.0
2024-12-02 00:00:00+05:30,4052.7879830735096,4070.0623467391047,4014.87002722247,4059.099609375,1670944,0.0,0.0
2024-12-03 00:00:00+05:30,4094.882568586282,4104.990718939741,4048.4701650537613,4083.87255859375,2010905,0.0,0.0
2024-12-04 00:00:00+05:30,4094.1224503683907,4163.789012881952,4070.8687487593297,4132.89453125,3302642,0.0,0.0
2024-12-05 00:00:00+05:30,4176.933797590591,4260.647302659025,4138.209454130842,4236.96630859375,3746747,0.0,0.0
2024-12-06 00:00:00+05:30,4226.4788315167725,4237.868399443609,4188.276322428843,4219.3603515625,1842087,0.0,0.0
2024-12-09 00:00:00+05:30,4205.07650413352,4242.0448686697655,4190.934085246633,4225.67236328125,2066639,0.0,0.0
2024-12-10 00:00:00+05:30,4200.994991803812,4265.20359458783,4187.659890094591,4207.0693359375,2087828,0.0,0.0
2024-12-11 00:00:00+05:30,4206.405086397892,4222.350297163338,4182.819095248504,4202.22900390625,1635256,0.0,0.0
2024-12-12 00:00:00+05:30,4204.696352489294,4256.851270827812,4200.852558457947,4228.330078125,1914642,0.0,0.0
2024-12-13 00:00:00+05:30,4209.348037802869,4266.248154048947,4170.860503868272,4246.31640625,1967048,0.0,0.0
2024-12-16 00:00:00+05:30,4232.1742831770125,4247.36037614199,4173.328172937727,4190.6025390625,1646224,0.0,0.0
2024-12-17 00:00:00+05:30,4185.666159565598,4207.44889332409,4098.346139910261,4108.31201171875,3225027,0.0,0.0
2024-12-18 00:00:00+05:30,4092.3672387441043,4140.108330075579,4071.3913564877716,4126.67822265625,1575404,0.0,0.0
2024-12-19 00:00:00+05:30,4064.177621267067,4142.006337975124,4045.1950074358338,4054.59130859375,3015763,0.0,0.0
2024-12-20 00:00:00+05:30,4108.7866456248585,4159.090570831168,3941.2650833812017,3958.159423828125,4116989,0.0,0.0
2024-12-23 00:00:00+05:30,3986.3959798160035,4002.4839296244636,3905.577598089669,3946.769775390625,2195338,0.0,0.0
2024-12-24 00:00:00+05:30,3946.7700890546093,4003.4333784366027,3946.7700890546093,3966.891845703125,1181886,0.0,0.0
2024-12-26 00:00:00+05:30,3966.8921076893726,3986.3020175795177,3932.3911110375443,3957.021240234375,1208464,0.0,0.0
2024-12-27 00:00:00+05:30,3951.2310760757846,3968.2681573970385,3936.2822676568094,3952.987060546875,858100,0.0,0.0
2024-12-30 00:00:00+05:30,3939.8415947124545,3985.684422832016,3902.825496858013,3947.24462890625,1527169,0.0,0.0
2024-12-31 00:00:00+05:30,3924.655496583325,3929.353878987766,3826.9425360658684,3886.50048828125,1555429,0.0,0.0
2025-01-01 00:00:00+05:30,3886.1208416217773,3923.706511928217,3877.62616777211,3903.2529296875,763161,0.0,0.0
2025-01-02 00:00:00+05:30,3910.4184830195177,3970.2137171045247,3888.541205767093,3963.33251953125,1720835,0.0,0.0
2025-01-03 00:00:00+05:30,3967.31925896288,3967.31925896288,3884.1278097948166,3891.341064453125,1791953,0.0,0.0
2025-01-06 00:00:00+05:30,3896.656302584134,3938.560332599053,3859.545197490021,3886.6904296875,2085593,0.0,0.0
2025-01-07 00:00:00+05:30,3905.6253667734477,3929.7331926762554,3807.48511819948,3823.383056640625,2669054,0.0,0.0
2025-01-08 00:00:00+05:30,3829.6473413152235,3916.113240154538,3813.3698426153405,3899.408447265625,2181277,0.0,0.0
2025-01-09 00:00:00+05:30,3892.384862598553,3927.265414585994,3820.5357175020263,3833.396484375,2392472,0.0,0.0
2025-01-10 00:00:00+05:30,3986.3488434305154,4078.4145191002203,3957.874923120298,4048.6591796875,7894300,0.0,0.0
2025-01-13 00:00:00+05:30,4029.059922352462,4103.044847646488,4012.355128925775,4072.81494140625,4003771,0.0,0.0
2025-01-14 00:00:00+05:30,4083.160276521042,4094.4548391766625,4004.4296994802094,4017.717529296875,3441709,0.0,0.0
2025-01-15 00:00:00+05:30,4003.4336440894426,4039.9279080856195,3993.4204997024085,4033.42626953125,1653474,0.0,0.0
2025-01-16 00:00:00+05:30,4043.2966270133784,4075.5670695763956,3978.6134649763417,3992.328125,2637705,0.0,0.0
2025-01-17 00:00:00+05:30,4020.939449433567,4021.616254890533,3963.0886298542596,3986.528564453125,1761466,76.0,0.0
2025-01-20 00:00:00+05:30,4007.3105183689017,4007.3105183689017,3932.2063483825796,3941.582275390625,1287799,0.0,0.0
2025-01-21 00:00:00+05:30,3958.497981875744,3973.6734816653625,3895.379258358407,3901.033935546875,1971591,0.0,0.0
2025-01-22 00:00:00+05:30,3914.711087541146,4024.0812547656583,3909.104787428617,4017.750244140625,2409223,0.0,0.0
2025-01-23 00:00:00+05:30,4028.7691913739204,4051.339285916404,4001.7526640783626,4006.97265625,1822998,0.0,0.0
2025-01-24 00:00:00+05:30,3966.9071126772737,4038.4351649039104,3966.9071126772737,4013.64208984375,1910099,0.0,0.0
2025-01-27 00:00:00+05:30,3964.973867046099,4017.5084152856,3906.0599315038703,3929.354736328125,1551782,0.0,0.0
2025-01-28 00:00:00+05:30,3934.815871023738,3964.9735947079557,3893.73557415024,3905.334716796875,2468272,0.0,0.0
2025-01-29 00:00:00+05:30,3918.5772926221866,3970.6285432095738,3918.5772926221866,3962.84716796875,1217089,0.0,0.0
2025-01-30 00:00:00+05:30,3962.943972286711,3991.941831258984,3922.927021299046,3963.0888671875,1531251,0.0,0.0
2025-01-31 00:00:00+05:30,3972.706876888982,3990.540749832513,3948.7836420464023,3975.026611328125,1492943,0.0,0.0
2025-02-01 00:00:00+05:30,3975.6063179805924,3997.741255116248,3920.510387972108,3937.08740234375,437172,0.0,0.0
2025-02-03 00:00:00+05:30,3896.2488211358454,3940.8089579536745,3865.1245003058734,3932.73779296875,1265713,0.0,0.0
2025-02-04 00:00:00+05:30,3947.285364884988,3981.2613328675334,3930.2250514324437,3969.855224609375,2547132,0.0,0.0
2025-02-05 00:00:00+05:30,4011.3703550712034,4011.3703550712034,3939.8423053663196,3954.43798828125,1693912,0.0,0.0
2025-02-06 00:00:00+05:30,3968.259986916976,4001.2209788539626,3916.2089750568643,3946.36669921875,2284536,0.0,0.0
2025-02-07 00:00:00+05:30,3953.374595002479,3953.374595002479,3874.113784051329,3894.798828125,1548940,0.0,0.0
2025-02-10 00:00:00+05:30,3905.045086746592,3916.644230568612,3880.2520112210996,3902.096923828125,1339511,0.0,0.0
2025-02-11 00:00:00+05:30,3884.1662899452554,3905.044841909931,3822.8842449885587,3831.148681640625,1810908,0.0,0.0
2025-02-12 00:00:00+05:30,3838.446649169052,3887.404606196338,3808.5303361658844,3818.1962890625,1678002,0.0,0.0
2025-02-13 00:00:00+05:30,3835.4501025039126,3851.3505477933163,3771.896462322554,3779.532470703125,2277310,0.0,0.0
2025-02-14 00:00:00+05:30,3793.886412954254,3816.1181040365336,3769.72153134308,3803.407470703125,1681975,0.0,0.0
2025-02-17 00:00:00+05:30,3727.674956536778,3802.5860959459837,3727.3849307355754,3774.071533203125,1799806,0.0,0.0
2025-02-18 00:00:00+05:30,3768.1752947909295,3793.306774402773,3735.407806152644,3743.817138671875,2149879,0.0,0.0
2025-02-19 00:00:00+05:30,3742.850263486918,3745.508400554833,3642.2759755929487,3657.693359375,4366672,0.0,0.0
2025-02-20 00:00:00+05:30,3635.848185178673,3661.4629603766616,3625.988960412709,3653.150146484375,2888572,0.0,0.0
2025-02-21 00:00:00+05:30,3649.960586134303,3689.4942392872176,3648.8972369162293,3659.52978515625,1833931,0.0,0.0
2025-02-24 00:00:00+05:30,3618.1109478843173,3637.491230016548,3547.4045991108223,3552.817626953125,2508516,0.0,0.0
2025-02-25 00:00:00+05:30,3503.90809636369,3535.8057424823114,3500.2833638502107,3508.30615234375,4101954,0.0,0.0
2025-02-27 00:00:00+05:30,3491.0520789257853,3516.4735816470966,3480.419530987875,3491.873779296875,3823856,0.0,0.0
2025-02-28 00:00:00+05:30,3465.1955095907815,3479.7428149447355,3341.5196975733197,3366.892822265625,7085018,0.0,0.0
2025-03-03 00:00:00+05:30,3368.584583379958,3405.5568531975428,3360.0301206751515,3376.36572265625,4990439,0.0,0.0
2025-03-04 00:00:00+05:30,3357.951843598488,3432.379676631615,3348.5759170238152,3414.062744140625,2797737,0.0,0.0
2025-03-05 00:00:00+05:30,3403.2370189380595,3480.081342184221,3403.2370189380595,3428.561767578125,2501894,0.0,0.0
2025-03-06 00:00:00+05:30,3438.1793081878077,3488.877181911339,3417.9775618337376,3481.28955078125,2786513,0.0,0.0
2025-03-07 00:00:00+05:30,3479.743027656133,3503.9079097926337,3454.998093954285,3490.56884765625,2051315,0.0,0.0
2025-03-10 00:00:00+05:30,3486.0259949428714,3501.1049762137254,3462.9244613654673,3469.73876953125,1004626,0.0,0.0
2025-03-11 00:00:00+05:30,3439.146018462038,3468.8688234276665,3419.4757100500633,3455.8681640625,1995450,0.0,0.0
2025-03-12 00:00:00+05:30,3445.912267227522,3450.020297279617,3370.3729384283747,3389.076416015625,3174167,0.0,0.0
2025-03-13 00:00:00+05:30,3385.3064520665353,3406.5715466921038,3367.7144664369603,3393.76416015625,1693004,0.0,0.0
2025-03-17 00:00:00+05:30,3372.450776071524,3412.516101378981,3361.1900359739784,3380.860107421875,2690906,0.0,0.0
2025-03-18 00:00:00+05:30,3380.860107421875,3380.860107421875,3380.860107421875,3380.860107421875,0,0.0,0.0
2025-03-19 00:00:00+05:30,3428.5132810234372,3428.5132810234372,3347.0776328908673,3380.2802734375,3051244,0.0,0.0
2025-03-20 00:00:00+05:30,3394.68252652922,3459.3960314822807,3394.68252652922,3444.123779296875,2845192,0.0,0.0
2025-03-21 00:00:00+05:30,3358.9186380800415,3495.450223009194,3349.252685164703,3458.57470703125,4161925,0.0,0.0
2025-03-24 00:00:00+05:30,3479.7429444303652,3527.831058731868,3447.4587570622184,3507.725830078125,1834751,0.0,0.0
2025-03-25 00:00:00+05:30,3523.2398747468987,3586.0685693582973,3516.473707634902,3535.56396484375,3135390,0.0,0.0
2025-03-26 00:00:00+05:30,3525.897934373459,3557.553929809202,3504.7295921250025,3514.34716796875,1734499,0.0,0.0
2025-03-27 00:00:00+05:30,3494.0970689111577,3540.638537603521,3489.892285017066,3529.232666015625,2528474,0.0,0.0
2025-03-28 00:00:00+05:30,3529.0391458412178,3538.656721076703,3471.9132739836596,3485.687255859375,2051919,0.0,0.0
2025-04-01 00:00:00+05:30,3453.354619757771,3464.2771927018816,3407.248075969345,3432.186279296875,2618493,0.0,0.0
2025-04-02 00:00:00+05:30,3425.6135625063594,3445.0422214056125,3412.129605979645,3425.565185546875,1764313,0.0,0.0
2025-04-03 00:00:00+05:30,3374.3842427691143,3385.0167912281404,3282.702582798802,3289.46875,4537821,0.0,0.0
2025-04-04 00:00:00+05:30,3250.2733357697866,3286.085501586113,3185.414699028632,3189.184326171875,5317367,0.0,0.0
2025-04-07 00:00:00+05:30,2996.4454369330797,3181.4516833870694,2953.963620596823,3164.681396484375,6623955,0.0,0.0
2025-04-08 00:00:00+05:30,3191.7460628104113,3237.127665022999,3146.5577324611054,3182.949951171875,5557558,0.0,0.0
2025-04-09 00:00:00+05:30,3151.6321497293247,3160.76642752928,3104.752280697163,3138.148193359375,2990265,0.0,0.0
2025-04-11 00:00:00+05:30,3179.6636391398747,3188.749540631033,3098.904554048043,3123.552734375,7108961,0.0,0.0
2025-04-15 00:00:00+05:30,3203.683386247662,3203.683386247662,3130.415650876791,3139.69482421875,3512160,0.0,0.0
2025-04-16 00:00:00+05:30,3139.695005759879,3168.596348657385,3121.136422017699,3164.43994140625,2384391,0.0,0.0
2025-04-17 00:00:00+05:30,3137.085076745666,3193.2443586174536,3110.50370573642,3188.701171875,2932346,0.0,0.0
2025-04-21 00:00:00+05:30,3180.1953142330854,3241.9606599617177,3174.3957423905777,3210.64306640625,2432946,0.0,0.0
2025-04-22 00:00:00+05:30,3211.6096198122023,3222.531957851611,3184.931495290658,3203.683349609375,2710498,0.0,0.0
2025-04-23 00:00:00+05:30,3252.593171873855,3306.625754540036,3225.818529364827,3298.98974609375,3543923,0.0,0.0
2025-04-24 00:00:00+05:30,3287.487161364933,3298.5062526941524,3274.534643572778,3287.970458984375,2252175,0.0,0.0
2025-04-25 00:00:00+05:30,3305.7558885472554,3361.625143451318,3291.256959211522,3332.820556640625,2742991,0.0,0.0
2025-04-28 00:00:00+05:30,3320.2546435993536,3342.2930622298845,3291.2567864500143,3328.470703125,1593296,0.0,0.0
2025-04-29 00:00:00+05:30,3339.586779424834,3378.250591632357,3315.808440523134,3356.502197265625,1578332,0.0,0.0
2025-04-30 00:00:00+05:30,3356.018573547744,3392.652437661013,3253.5594811525652,3338.329833984375,2809332,0.0,0.0
2025-05-02 00:00:00+05:30,3356.0185874198487,3374.867194117627,3305.7556362257724,3316.38818359375,1721761,0.0,0.0
2025-05-05 00:00:00+05:30,3334.753505470742,3387.4329449049897,3331.27366828836,3338.909912109375,1284443,0.0,0.0
2025-05-06 00:00:00+05:30,3344.419921875,3356.9856614658597,3322.1882287527096,3344.419921875,1324763,0.0,0.0
2025-05-07 00:00:00+05:30,3306.335750758935,3343.9362109554654,3306.335750758935,3330.017333984375,1477128,0.0,0.0
2025-05-08 00:00:00+05:30,3332.820588313161,3360.851851961966,3314.1652518601954,3333.6904296875,2543591,0.0,0.0
2025-05-09 00:00:00+05:30,3285.457254527544,3331.0805031274213,3284.5874131966707,3325.377685546875,2531757,0.0,0.0
2025-05-12 00:00:00+05:30,3387.916425868549,3509.22413241534,3385.209911911905,3499.46142578125,2228678,0.0,0.0
2025-05-13 00:00:00+05:30,3499.4613194961807,3501.97456151927,3393.232596801932,3397.582275390625,3062887,0.0,0.0
2025-05-14 00:00:00+05:30,3403.3820953219624,3442.0459078220697,3391.396407841002,3430.15673828125,2119499,0.0,0.0
2025-05-15 00:00:00+05:30,3444.945682102287,3479.7431132346333,3396.712670565691,3460.314453125,3548330,0.0,0.0
2025-05-16 00:00:00+05:30,3473.8465567565913,3473.8465567565913,3427.6434928317944,3442.335693359375,1666727,0.0,0.0
2025-05-19 00:00:00+05:30,3431.413341631395,3431.413341631395,3386.659931697025,3401.255615234375,2537377,0.0,0.0
2025-05-20 00:00:00+05:30,3413.821619142175,3439.1463709668697,3377.2842664862965,3381.440673828125,2038374,0.0,0.0
2025-05-21 00:00:00+05:30,3390.816042208948,3418.847303675328,3381.4401157430884,3408.021484375,1440153,0.0,0.0
2025-05-22 00:00:00+05:30,3378.2502763697153,3380.956790168703,3336.0101126719387,3360.8515625,2034383,0.0,0.0
2025-05-23 00:00:00+05:30,3360.851966080111,3416.9144952813326,3349.8328737001534,3397.196044921875,1274331,0.0,0.0
2025-05-26 00:00:00+05:30,3403.3819012793415,3426.5801874567637,3392.8461073678304,3419.137451171875,967470,0.0,0.0
2025-05-27 00:00:00+05:30,3414.014574749619,3421.747337093333,3366.7481593177404,3381.826904296875,2467680,0.0,0.0
2025-05-28 00:00:00+05:30,3402.4152283668,3411.114585484783,3376.31715701285,3380.860107421875,1222933,0.0,0.0
2025-05-29 00:00:00+05:30,3387.626457620242,3414.4978538154573,3370.034470581059,3381.2470703125,3188072,0.0,0.0
2025-05-30 00:00:00+05:30,3373.4175839622008,3389.5596782127777,3337.7503119241223,3347.7060546875,3404365,0.0,0.0
2025-06-02 00:00:00+05:30,3334.7535745851437,3344.419526975246,3304.4025784742903,3334.560302734375,1877585,0.0,0.0
2025-06-03 00:00:00+05:30,3330.887082808426,3357.4684509968274,3286.907000896707,3291.449951171875,2848125,0.0,0.0
2025-06-04 00:00:00+05:30,3304.907652247958,3310.563782597761,3286.3791053631217,3297.008544921875,2544807,30.0,0.0
2025-06-05 00:00:00+05:30,3324.4113841471617,3324.4113841471617,3280.235380032571,3287.451904296875,3584683,0.0,0.0
2025-06-06 00:00:00+05:30,3287.4520036268846,3306.7605099618336,3275.359545608902,3300.226806640625,2070390,0.0,0.0
2025-06-09 00:00:00+05:30,3315.634960419095,3348.791310023286,3306.760665733127,3336.991455078125,1718678,0.0,0.0
2025-06-10 00:00:00+05:30,3354.642197095073,3399.305794893864,3338.259013167141,3376.973876953125,2419874,0.0,0.0
2025-06-11 00:00:00+05:30,3383.8979728571367,3402.4265208353168,3363.516665314218,3385.750732421875,2847013,0.0,0.0
2025-06-12 00:00:00+05:30,3385.7505745896515,3388.481144938844,3338.259030391803,3348.986083984375,4060134,0.0,0.0
2025-06-13 00:00:00+05:30,3309.003383077588,3364.881627257479,3309.003383077588,3360.20068359375,2178493,0.0,0.0
2025-06-16 00:00:00+05:30,3354.642349665819,3421.9302340050463,3341.1847251814343,3409.54541015625,1934088,0.0,0.0
2025-06-17 00:00:00+05:30,3422.905193528652,3432.6570601768817,3401.5487008021014,3428.07373046875,2111940,0.0,0.0
2025-06-18 00:00:00+05:30,3431.7796073253016,3450.2105407013996,3357.665418209048,3365.75927734375,2696327,0.0,0.0
2025-06-19 00:00:00+05:30,3364.3939151942172,3365.3691018363024,3328.312009437062,3339.0390625,2672768,0.0,0.0
2025-06-20 00:00:00+05:30,3340.0145242959966,3360.786049100129,3326.2642962767654,3350.448974609375,2351248,0.0,0.0
2025-06-23 00:00:00+05:30,3330.262454041982,3340.0143206716803,3286.3790542083398,3309.3935546875,3123421,0.0,0.0
2025-06-24 00:00:00+05:30,3349.376392565029,3356.690292940616,3298.081476031171,3306.27294921875,3403048,0.0,0.0
2025-06-25 00:00:00+05:30,3322.7537403887272,3364.3941654870573,3315.634829755361,3359.3232421875,1757699,0.0,0.0
2025-06-26 00:00:00+05:30,3359.3232652421043,3365.759354753242,3330.555256962972,3356.397705078125,2879106,0.0,0.0
2025-06-27 00:00:00+05:30,3369.2703330730474,3380.387367158931,3345.8658502962735,3355.71533203125,1778433,0.0,0.0
2025-06-30 00:00:00+05:30,3354.544471150048,3378.924137465807,3344.890218522079,3376.09619140625,1468351,0.0,0.0
2025-07-01 00:00:00+05:30,3369.2699264830403,3398.525526423559,3328.7996798986564,3344.59765625,2375183,0.0,0.0
2025-07-02 00:00:00+05:30,3400.671024568939,3403.3039810516498,3335.1385257152824,3338.356689453125,3090585,0.0,0.0
2025-07-03 00:00:00+05:30,3344.8904436190446,3350.058980842342,3313.294489180619,3316.4150390625,2531870,0.0,0.0
2025-07-04 00:00:00+05:30,3323.4363525656718,3341.964900305915,3305.980605453995,3334.943603515625,1109320,0.0,0.0
2025-07-07 00:00:00+05:30,3333.481005692293,3341.0875101654565,3323.8265137554163,3327.044677734375,1639174,0.0,0.0
2025-07-08 00:00:00+05:30,3320.510975827842,3340.0147113686808,3309.1987139810713,3321.68115234375,2325242,0.0,0.0
2025-07-09 00:00:00+05:30,3325.3865128143525,3329.28725945695,3283.4534864064294,3299.836669921875,2034938,0.0,0.0
2025-07-10 00:00:00+05:30,3296.1311694956757,3314.659717489882,3272.7266878187834,3298.08154296875,3035012,0.0,0.0
2025-07-11 00:00:00+05:30,3218.0184502225306,3252.247598137654,3180.1813972680684,3184.959716796875,7635550,0.0,0.0
2025-07-14 00:00:00+05:30,3184.9597625910983,3190.8108827918168,3120.5974403831947,3142.734130859375,3924009,0.0,0.0
2025-07-15 00:00:00+05:30,3126.448660244279,3178.523536457564,3126.448660244279,3171.599853515625,2590889,0.0,0.0
2025-07-16 00:00:00+05:30,3157.607249475903,3175.1222359666176,3151.344969328223,3163.576171875,2540733,11.0,0.0
2025-07-17 00:00:00+05:30,3154.7696780470374,3172.2846643823304,3135.199754145851,3140.18994140625,2947640,0.0,0.0
2025-07-18 00:00:00+05:30,3155.6502438038765,3159.3685771406017,3118.46738821797,3121.304931640625,3432645,0.0,0.0
2025-07-21 00:00:00+05:30,3121.4030943290218,3128.83976152069,3084.2202361520617,3090.286865234375,3844346,0.0,0.0
2025-07-22 00:00:00+05:30,3091.65673828125,3111.7159107005,3086.764257203384,3091.65673828125,3198036,0.0,0.0
2025-07-23 00:00:00+05:30,3091.6566291573,3113.5748480562365,3089.6996367952283,3110.7373046875,1922875,0.0,0.0
2025-07-24 00:00:00+05:30,3097.0385335433134,3105.4534578423713,3072.478182452152,3080.30615234375,2934778,0.0,0.0
2025-07-25 00:00:00+05:30,3072.4780444334683,3089.014534530361,3058.3877948178133,3068.368408203125,2568917,0.0,0.0
2025-07-28 00:00:00+05:30,3043.12328264916,3050.9512525080645,3003.885488175128,3013.08349609375,3374473,0.0,0.0
2025-07-29 00:00:00+05:30,2994.1984086760676,3007.8973556438664,2975.802632112602,2990.284423828125,4785312,0.0,0.0
2025-07-30 00:00:00+05:30,2994.1983151611034,3003.0047807939304,2981.673516260727,2987.93603515625,2880121,0.0,0.0
2025-07-31 00:00:00+05:30,2976.2918502873677,2994.0027271024683,2950.166049468222,2971.497314453125,2968371,0.0,0.0
2025-08-01 00:00:00+05:30,2964.7455243430377,2971.4972914199097,2935.488583681943,2938.424072265625,2053847,0.0,0.0
2025-08-04 00:00:00+05:30,2944.392964480288,3013.181055141491,2927.2692812506943,3008.28857421875,2519252,0.0,0.0
2025-08-05 00:00:00+05:30,3008.2886143717656,3011.322048140622,2976.5854331255146,2998.014404296875,1927996,0.0,0.0
2025-08-06 00:00:00+05:30,2997.1337788834585,3000.8521121202134,2960.9294204705666,2967.093994140625,1487081,0.0,0.0
2025-08-07 00:00:00+05:30,2951.1446440658847,2985.9792055799644,2946.154217712285,2981.47802734375,2543076,0.0,0.0
2025-08-08 00:00:00+05:30,2982.5543093380406,2994.002666894786,2959.9509519667536,2971.105712890625,2762140,0.0,0.0
2025-08-11 00:00:00+05:30,2971.105606429514,2984.3153044195046,2956.3304579380692,2975.4111328125,1884215,0.0,0.0
2025-08-12 00:00:00+05:30,2975.6068714078456,3029.8154640054736,2961.809979769089,2970.127197265625,3358232,0.0,0.0
2025-08-13 00:00:00+05:30,2970.812449963036,2978.9337774241835,2963.473728360306,2970.91015625,2148166,0.0,0.0
2025-08-14 00:00:00+05:30,2968.757439673081,2990.1864106721328,2954.1779420022144,2957.30908203125,3342174,0.0,0.0
2025-08-18 00:00:00+05:30,2980.988718063058,2983.434958599791,2938.815435653507,2946.44775390625,2945609,0.0,0.0
2025-08-19 00:00:00+05:30,2946.4476070609903,2959.950901928915,2946.349900778797,2951.340087890625,2650784,0.0,0.0
2025-08-20 00:00:00+05:30,2946.1539583708727,3036.664852119672,2946.1539583708727,3031.96826171875,4952358,0.0,0.0
2025-08-21 00:00:00+05:30,3062.693270119804,3062.693270119804,3016.801891436903,3035.882568359375,3230726,0.0,0.0
2025-08-22 00:00:00+05:30,3019.639270954844,3029.1306363096523,2984.4134077810354,2988.327392578125,1593791,0.0,0.0
2025-08-25 00:00:00+05:30,3020.9115315912086,3084.220191422538,3010.9309175823823,3073.0654296875,3448370,0.0,0.0
2025-08-26 00:00:00+05:30,3061.7145608480614,3094.0049349317896,3052.9080951888627,3089.30810546875,5522097,0.0,0.0
2025-08-28 00:00:00+05:30,3077.370733980466,3078.838478368692,3020.1287028396528,3027.173828125,3116051,0.0,0.0
2025-08-29 00:00:00+05:30,3026.4887537573413,3048.0156702082504,3011.028465982645,3018.3671875,2271789,0.0,0.0
2025-09-01 00:00:00+05:30,3023.5531276055535,3063.7694152474464,3023.5531276055535,3045.667236328125,1246862,0.0,0.0
2025-09-02 00:00:00+05:30,3053.9847239556466,3087.1556510845603,3036.371791556432,3044.591064453125,2185229,0.0,0.0
2025-09-03 00:00:00+05:30,3062.595272321678,3074.33722714916,3021.5963756053266,3030.89208984375,1799774,0.0,0.0
2025-09-04 00:00:00+05:30,3048.99413571954,3050.951128104469,3024.3360794475675,3029.130615234375,1481391,0.0,0.0
2025-09-05 00:00:00+05:30,3030.5006621101975,3036.664997028233,2963.47367273015,2982.75,2802055,0.0,0.0
2025-09-08 00:00:00+05:30,2984.413214194218,2998.9927110613953,2951.144345576971,2954.079833984375,2626187,0.0,0.0
2025-09-09 00:00:00+05:30,2966.898378981974,2994.19832699537,2965.62628616296,2983.826171875,2489301,0.0,0.0
2025-09-10 00:00:00+05:30,2990.675797260498,3055.550145422665,2987.740308555338,3043.123291015625,2079428,0.0,0.0
2025-09-11 00:00:00+05:30,3071.4996140027415,3071.4996140027415,3043.221168990462,3057.017822265625,2263446,0.0,0.0
2025-09-12 00:00:00+05:30,3076.3919302537256,3080.990814432397,3053.886518550216,3066.019775390625,1447167,0.0,0.0
2025-09-15 00:00:00+05:30,3066.607284819441,3066.607284819441,3029.4244268669395,3044.982421875,1732539,0.0,0.0
2025-09-16 00:00:00+05:30,3060.736085121159,3082.26300132086,3042.242602669502,3078.055419921875,2573429,0.0,0.0
2025-09-17 00:00:00+05:30,3084.2199854121977,3113.966173979194,3074.8263264485827,3104.57275390625,2418271,0.0,0.0
2025-09-18 00:00:00+05:30,3116.51048247651,3134.1234145595795,3093.4178759668794,3108.388916015625,2633138,0.0,0.0
2025-09-19 00:00:00+05:30,3101.8328935510035,3112.107103450778,3076.3919928468,3101.050048828125,4901694,0.0,0.0
2025-09-22 00:00:00+05:30,3028.445731768582,3040.089740964508,2999.090845838676,3007.70166015625,3634901,0.0,0.0
2025-09-23 00:00:00+05:30,3003.983542191669,3014.4534044791503,2986.3706093710016,2996.546875,3177741,0.0,0.0
2025-09-24 00:00:00+05:30,2984.4133369924134,2991.262810224855,2967.778901999341,2970.127197265625,1625714,0.0,0.0
2025-09-25 00:00:00+05:30,2957.015390749667,2964.4520571099356,2887.5421635017433,2893.804443359375,4974361,0.0,0.0
2025-09-26 00:00:00+05:30,2877.7574418213358,2891.260737711385,2829.126226471788,2836.758544921875,3934636,0.0,0.0
2025-09-29 00:00:00+05:30,2853.2947314486933,2866.3087778304835,2831.7678164651984,2833.82275390625,3110035,0.0,0.0
2025-09-30 00:00:00+05:30,2848.402439766557,2852.610021207006,2823.0594837288886,2826.288330078125,2253458,0.0,0.0
2025-10-01 00:00:00+05:30,2828.8326264436423,2861.9058470940704,2804.957413772581,2851.53369140625,1952902,0.0,0.0
2025-10-03 00:00:00+05:30,2861.1229086009284,2861.1229086009284,2828.9304789544044,2839.498046875,2899519,0.0,0.0
2025-10-06 00:00:00+05:30,2839.5959635916415,2929.22631078988,2833.3336834873367,2924.137939453125,2112774,0.0,0.0
2025-10-07 00:00:00+05:30,2930.5959216848555,2939.891634958981,2891.9453243871753,2909.75390625,3062943,0.0,0.0
2025-10-08 00:00:00+05:30,2911.0263039913752,2977.5640480826064,2904.176830334925,2962.103759765625,4121889,0.0,0.0
2025-10-09 00:00:00+05:30,2968.757519004287,3000.069397912704,2955.0585719818546,2995.86181640625,3211304,0.0,0.0
2025-10-10 00:00:00+05:30,2984.413250266025,3003.983173218589,2942.239970746985,2963.179931640625,8817365,0.0,0.0
2025-10-13 00:00:00+05:30,2961.9079637241057,2970.225181329542,2933.7272257063764,2942.53369140625,2866865,0.0,0.0
2025-10-14 00:00:00+05:30,2956.0370052457697,2962.1036338769445,2891.9455044700007,2896.642333984375,3611416,0.0,0.0
2025-10-15 00:00:00+05:30,2917.954894078994,2926.499513769408,2898.31197994854,2916.7763671875,4282226,11.0,0.0
2025-10-16 00:00:00+05:30,2916.87439174088,2921.883430677564,2890.553079047838,2917.66015625,3251495,0.0,0.0
2025-10-17 00:00:00+05:30,2916.972551528368,2935.4369375213087,2902.6331292681275,2909.311767578125,4374683,0.0,0.0
2025-10-20 00:00:00+05:30,2932.1958010354274,2969.0262624451843,2925.320781572273,2961.365478515625,3133039,0.0,0.0
2025-10-21 00:00:00+05:30,2976.981832168517,2977.669286180243,2942.508423286113,2953.017333984375,310644,0.0,0.0
2025-10-23 00:00:00+05:30,3000.4550745732363,3042.687339125331,2981.892616996725,3018.330078125,5564758,0.0,0.0
2025-10-24 00:00:00+05:30,3025.0086400055093,3034.8300966289034,3003.6961270890743,3008.508544921875,2684318,0.0,0.0
2025-10-27 00:00:00+05:30,3011.7496607245316,3038.9550474990237,3005.5620951218402,3029.821044921875,1946312,0.0,0.0
2025-10-28 00:00:00+05:30,3021.0801556355614,3035.0265765381446,2985.919291823652,3003.30322265625,3470737,0.0,0.0
2025-10-29 00:00:00+05:30,3003.3032409472494,3021.080174034828,2991.714113509379,3003.0087890625,2895420,0.0,0.0
2025-10-30 00:00:00+05:30,2994.6603471523654,3009.0978400091353,2978.6513253692647,2981.106689453125,2241536,0.0,0.0
2025-10-31 00:00:00+05:30,2980.8120174669925,3012.6334402910475,2971.088871543434,3003.4013671875,1868085,0.0,0.0
2025-11-03 00:00:00+05:30,2992.499451583931,3003.4013640895914,2956.2583734171585,2962.93701171875,2194877,0.0,0.0
2025-11-04 00:00:00+05:30,2965.6872390451917,2975.214004338424,2922.8655907942766,2936.81201171875,2670720,0.0,0.0
2025-11-06 00:00:00+05:30,2936.7138956519902,2970.0085383136757,2936.61558517126,2957.142333984375,2542721,0.0,0.0
2025-11-07 00:00:00+05:30,2947.419237380036,2950.3656744717186,2907.6423366423182,2938.383544921875,1830520,0.0,0.0
2025-11-10 00:00:00+05:30,2939.5619693268272,2993.4816703122747,2938.579823663838,2971.18701171875,1556656,0.0,0.0
2025-11-11 00:00:00+05:30,2990.633609021809,3001.142519888641,2964.1156755427983,2992.597900390625,2806868,0.0,0.0
2025-11-12 00:00:00+05:30,3005.3656835637266,3080.4015151753365,3002.51755709654,3075.8837890625,4460315,0.0,0.0
2025-11-13 00:00:00+05:30,3075.8838537295965,3075.9819244274895,3046.61586484088,3050.249755859375,1740435,0.0,0.0
2025-11-14 00:00:00+05:30,3034.830102963518,3057.517763723578,3022.356900982103,3050.54443359375,2210794,0.0,0.0
2025-11-17 00:00:00+05:30,3050.544457369475,3067.7320066302495,3031.4909272444793,3046.812255859375,2232853,0.0,0.0
2025-11-18 00:00:00+05:30,3046.6158078736476,3049.5622448251693,3023.0443122614724,3031.98193359375,2548350,0.0,0.0
2025-11-19 00:00:00+05:30,3041.705020306013,3098.6694669245953,3028.4460542827223,3091.499755859375,3151053,0.0,0.0
2025-11-20 00:00:00+05:30,3091.794673762747,3108.0000778660146,3082.0715272134535,3088.65185546875,2700767,0.0,0.0
2025-11-21 00:00:00+05:30,3088.6516518716926,3113.4016740052466,3079.2229578295533,3094.34814453125,4177037,0.0,0.0
2025-11-24 00:00:00+05:30,3101.616062202543,3122.1428110333977,3075.0981288018247,3085.115966796875,6703764,0.0,0.0
2025-11-25 00:00:00+05:30,3089.142887490615,3093.562543096727,3059.3838251197944,3063.5087890625,2737920,0.0,0.0
2025-11-26 00:00:00+05:30,3063.115986297256,3121.2589624366606,3061.348076121797,3106.428466796875,2508527,0.0,0.0
2025-11-27 00:00:00+05:30,3123.223169867727,3123.223169867727,3069.205159068128,3080.59814453125,2836233,0.0,0.0
2025-11-28 00:00:00+05:30,3083.937297684263,3091.1070087848907,3069.205113141185,3081.48193359375,1616690,0.0,0.0
2025-12-01 00:00:00+05:30,3081.8747335418534,3097.687374390369,3066.4550948216056,3077.455078125,1747647,0.0,0.0
2025-12-02 00:00:00+05:30,3075.0980746626374,3087.8659682974553,3064.6872347092776,3079.714111328125,2512003,0.0,0.0
2025-12-03 00:00:00+05:30,3083.9373188138757,3154.5534946281955,3082.9551731709416,3123.22314453125,3952112,0.0,0.0
2025-12-04 00:00:00+05:30,3136.9731988901626,3191.9733551637537,3130.4909417024,3171.544677734375,5025905,0.0,0.0
2025-12-05 00:00:00+05:30,3172.330486734928,3213.187842167148,3164.866083794654,3180.384033203125,5244013,0.0,0.0
2025-12-08 00:00:00+05:30,3185.0983021118977,3201.6964674714213,3151.3125880977464,3178.71435546875,2544725,0.0,0.0
2025-12-09 00:00:00+05:30,3172.330579931189,3175.964471029267,3124.401822284255,3151.01806640625,2734893,0.0,0.0
2025-12-10 00:00:00+05:30,3167.41989738469,3167.41989738469,3121.357359750894,3132.259033203125,1386849,0.0,0.0
2025-12-11 00:00:00+05:30,3147.7768486239356,3151.1160479641035,3096.8035846478047,3134.91064453125,1914362,0.0,0.0
2025-12-12 00:00:00+05:30,3140.607031689688,3165.4553640739014,3128.8212841349605,3163.0,1146554,0.0,0.0
2025-12-15 00:00:00+05:30,3153.7680172761306,3180.384020730158,3140.2143592438706,3172.52685546875,1562190,0.0,0.0
2025-12-16 00:00:00+05:30,3162.509118995985,3162.509118995985,3134.1252044928165,3147.875244140625,1734623,0.0,0.0
2025-12-17 00:00:00+05:30,3143.3572206041695,3179.107227122374,3143.3572206041695,3160.348388671875,1376350,0.0,0.0
2025-12-18 00:00:00+05:30,3170.366292342023,3229.09865265339,3163.4912725011322,3222.2236328125,2307422,0.0,0.0
2025-12-19 00:00:00+05:30,3240.09857605464,3258.661033366418,3220.259281411304,3223.402099609375,3902511,0.0,0.0
2025-12-22 00:00:00+05:30,3250.9022578364156,3269.170263717588,3232.2414895890165,3265.5361328125,2632816,0.0,0.0
2025-12-23 00:00:00+05:30,3260.625245626059,3260.625245626059,3234.6966963938,3250.902099609375,2365420,0.0,0.0
2025-12-24 00:00:00+05:30,3245.107580613968,3267.696930860065,3237.2504153109776,3259.741455078125,1367708,0.0,0.0
2025-12-26 00:00:00+05:30,3253.9468611908032,3260.7235702886815,3213.384197736604,3221.437744140625,1176664,0.0,0.0
2025-12-29 00:00:00+05:30,3221.437683809396,3229.294848891858,3184.9999848268185,3193.446533203125,2079473,0.0,0.0
2025-12-30 00:00:00+05:30,3191.973384551631,3209.160933545371,3181.6608551553877,3188.83056640625,2807593,0.0,0.0
2025-12-31 00:00:00+05:30,3182.151893056932,3188.0447669329633,3141.392848747715,3148.955322265625,3362634,0.0,0.0
2026-01-01 00:00:00+05:30,3157.59834501185,3176.3574233163417,3141.0982497161094,3169.77685546875,1255735,0.0,0.0
2026-01-02 00:00:00+05:30,3176.2591039024273,3196.196709004467,3162.017991655493,3192.660888671875,1184324,0.0,0.0
2026-01-05 00:00:00+05:30,3182.642968809425,3189.026915514335,3134.026759287417,3158.6787109375,2341703,0.0,0.0
2026-01-06 00:00:00+05:30,3152.6876022111082,3204.9377039238207,3147.7768738587542,3197.669921875,2912325,0.0,0.0
2026-01-07 00:00:00+05:30,3185.0000101265678,3241.6700055592964,3165.651788913644,3236.75927734375,1989442,0.0,0.0
2026-01-08 00:00:00+05:30,3228.2143763788763,3228.2143763788763,3125.1873956711997,3146.6962890625,4159336,0.0,0.0
2026-01-09 00:00:00+05:30,3134.0267606372377,3172.0357492326657,3134.0267606372377,3150.52685546875,1938673,0.0,0.0
2026-01-12 00:00:00+05:30,3145.8126491306843,3193.937788002805,3117.6251157476318,3181.75927734375,2228342,0.0,0.0
2026-01-13 00:00:00+05:30,3187.0627488471305,3221.437847833155,3153.1787227037635,3209.652099609375,5645341,0.0,0.0
2026-01-14 00:00:00+05:30,3201.7948316366483,3201.7948316366483,3126.1696162881753,3135.5,3539511,0.0,0.0
2026-01-15 00:00:00+05:30,3135.5,3135.5,3135.5,3135.5,0,0.0,0.0
2026-01-16 00:00:00+05:30,3219.39990234375,3221.89990234375,3171.0,3206.699951171875,4293470,57.0,0.0
2026-01-19 00:00:00+05:30,3188.0,3220.0,3152.10009765625,3163.60009765625,3387562,0.0,0.0
2026-01-20 00:00:00+05:30,3151.60009765625,3160.0,3091.10009765625,3102.300048828125,4499273,0.0,0.0
2026-01-21 00:00:00+05:30,3100.0,3138.5,3082.0,3122.60009765625,2015150,0.0,0.0
2026-01-22 00:00:00+05:30,3150.0,3160.0,3122.300048828125,3150.39990234375,2269827,0.0,0.0
2026-01-23 00:00:00+05:30,3190.300048828125,3194.5,3152.0,3162.5,2068857,0.0,0.0
2026-01-27 00:00:00+05:30,3175.0,3175.0,3130.0,3158.0,4279874,0.0,0.0
2026-01-28 00:00:00+05:30,3176.0,3205.199951171875,3170.60009765625,3200.10009765625,2751234,0.0,0.0
2026-01-29 00:00:00+05:30,3200.10009765625,3200.10009765625,3125.60009765625,3144.39990234375,2457641,0.0,0.0
2026-01-30 00:00:00+05:30,3141.0,3141.0,3092.0,3123.89990234375,3022068,0.0,0.0
2026-02-02 00:00:00+05:30,3198.0,3198.0,3134.0,3169.60009765625,2636272,0.0,0.0
2026-02-03 00:00:00+05:30,3350.0,3350.0,3186.300048828125,3225.300048828125,4366060,0.0,0.0
2026-02-04 00:00:00+05:30,3120.0,3120.0,2986.0,2999.10009765625,10852595,0.0,0.0
2026-02-05 00:00:00+05:30,2990.0,3029.699951171875,2972.300048828125,2991.5,3521545,0.0,0.0
2026-02-06 00:00:00+05:30,2976.60009765625,2985.0,2916.0,2941.60009765625,4687389,0.0,0.0
2026-02-09 00:00:00+05:30,2959.10009765625,2977.0,2937.5,2948.199951171875,2380318,0.0,0.0
2026-02-10 00:00:00+05:30,2949.800048828125,3011.60009765625,2943.5,2984.60009765625,3547763,0.0,0.0
2026-02-11 00:00:00+05:30,2980.0,2998.0,2904.199951171875,2909.800048828125,3363513,0.0,0.0
2026-02-12 00:00:00+05:30,2869.800048828125,2880.0,2740.0,2750.10009765625,10612156,0.0,0.0
2026-02-13 00:00:00+05:30,2585.0,2713.0,2585.0,2692.199951171875,11168735,0.0,0.0
2026-02-16 00:00:00+05:30,2700.0,2719.800048828125,2671.0,2706.60009765625,2918730,0.0,0.0
2026-02-17 00:00:00+05:30,2716.0,2760.0,2695.199951171875,2717.39990234375,4207585,0.0,0.0
